Type,"Machine learning","Domain expertise","Data skills","Advanced computing","Data visualisation","Scientific method","Open Culture","Math and statistics"
capability,2.1739130434783,2.304347826087,2.5833333333333,2.0909090909091,2.2272727272727,2.5652173913043,2.4545454545455,2.2083333333333
capacity,2,2.2173913043478,2.375,1.9545454545455,2.1818181818182,2.2608695652174,2.2608695652174,2.0833333333333
