Type,"Machine learning","Domain expertise","Data skills","Advanced computing","Data visualisation","Scientific method","Open Culture","Math and statistics"
capability,2.4285714285714,2,2.6428571428571,2.0769230769231,2.2307692307692,2.7142857142857,2.3846153846154,2.0666666666667
capacity,2.4285714285714,2,2.4285714285714,2.1538461538462,2.3846153846154,2.3571428571429,2.3571428571429,2
