Type,"Machine learning","Domain expertise","Data skills","Advanced computing","Data visualisation","Scientific method","Open Culture","Math and statistics"
capability,2.2727272727273,1.9,2.3636363636364,1.9,2,2.6363636363636,2.3,1.9166666666667
capacity,2.2727272727273,1.9,2.0909090909091,2,2.2,2.1818181818182,2.2727272727273,1.8333333333333
