Type,"Machine learning","Domain expertise","Data skills","Advanced computing","Data visualisation","Scientific method","Open Culture","Math and statistics"
capability,2.4210526315789,2.2777777777778,2.6842105263158,2.3888888888889,2.3333333333333,2.6842105263158,2.5,2.3
capacity,2.3157894736842,2.1111111111111,2.4210526315789,2.3333333333333,2.3888888888889,2.3684210526316,2.3684210526316,2.2
